{"_ingredients": [[[6, "egg"], [1, "egg"], [2.6666666666666665, "cocoapowder"], [8, "cakemeal"], [13.333333333333332, "strawberr"], [16.0, "sweetchocolate"]], [[2.6666666666666665, "butter"], [18.666666666666664, "condensedmilk"], [3, "egg"], [0.75, "vanilla"], [8, "walnut"]]], "rating": [4.8, 0], "name": ["good", "bad"], "reviews": [4, 0]}
