{"_ingredients": [[[0.4444444444444444, "butter"], [0.8888888888888888, "brown sugar"], [0.25, "egg"], [0.018518518518518517, "vanilla extract"], [0.8888888888888888, "all-purpose flour"], [0.004629629629629629, "salt"], [0.013888888888888888, "baking powder"], [0.4444444444444444, "walnut"], [0.2222222222222222, "butter"], [1.3333333333333333, "confectioners' sugar"], [0.018518518518518517, "coffee granules"], [0.05555555555555555, "water"]], [[0.041666666666666664, "cocoa powder"], [0.041666666666666664, "peppermint"], [0.020833333333333332, "chocolate syrup"], [0.03125, "water"], [0.03125, "egg"], [0.010416666666666666, "vegetable oil"], [0.05555555555555555, "powdered sugar"], [1.0, "milk chocolate"]]], "servings": [18.0, 48.0], "reviews": [28, 10], "rating": [4.24, 5.0], "name": ["Butterscotch Brownies II", "KISSES Peppermint Brownie Drops"]}
